INSERT INTO
    public.loyalty_tier_master (
        id,
        name,
        "level",
        created_at,
        updated_at,
        deleted_at,
        max_trx
    )
VALUES (
        '96628349-a9d0-4b78-8623-d2dda4ac9e34',
        'BRONZE',
        1,
        '2023-01-05 12:33:04.910016',
        '2023-01-05 12:33:04.910016',
        NULL,
        7
    ), (
        'eb6cc3c5-6a4e-46ea-937c-c3d63618e41c',
        'SILVER',
        2,
        '2023-01-05 12:33:48.80943',
        '2023-01-05 12:33:48.80943',
        NULL,
        7
    ), (
        '3a9d2f62-f321-41b2-8a26-e6339b205fe0',
        'GOLD',
        3,
        '2023-01-05 12:33:59.316205',
        '2023-01-05 12:33:59.316205',
        NULL,
        7
    );

INSERT INTO
    public.loyalty_tier_journey (
        current_tier,
        next_1,
        prev_1,
        prev_2
    )
VALUES (
        '96628349-a9d0-4b78-8623-d2dda4ac9e34',
        'eb6cc3c5-6a4e-46ea-937c-c3d63618e41c',
        '96628349-a9d0-4b78-8623-d2dda4ac9e34',
        '96628349-a9d0-4b78-8623-d2dda4ac9e34'
    ), (
        '3a9d2f62-f321-41b2-8a26-e6339b205fe0',
        '3a9d2f62-f321-41b2-8a26-e6339b205fe0',
        'eb6cc3c5-6a4e-46ea-937c-c3d63618e41c',
        '96628349-a9d0-4b78-8623-d2dda4ac9e34'
    ), (
        'eb6cc3c5-6a4e-46ea-937c-c3d63618e41c',
        '3a9d2f62-f321-41b2-8a26-e6339b205fe0',
        '96628349-a9d0-4b78-8623-d2dda4ac9e34',
        '96628349-a9d0-4b78-8623-d2dda4ac9e34'
    );

INSERT INTO
    public.loyalty_point_config (
        id,
        at_trx,
        point,
        created_at,
        updated_at,
        deleted_at,
        tier_id
    )
VALUES (
        '47bdc31d-fc2c-4dcf-a306-6a20cf151925',
        3,
        15000,
        '2023-01-05 12:46:32.610025',
        '2023-01-05 12:46:32.610025',
        NULL,
        '96628349-a9d0-4b78-8623-d2dda4ac9e34'
    ), (
        'ac662a48-e30d-48d6-890f-093641911fbc',
        5,
        25000,
        '2023-01-05 12:46:49.063904',
        '2023-01-05 12:46:49.063904',
        NULL,
        '96628349-a9d0-4b78-8623-d2dda4ac9e34'
    ), (
        '82d6965c-fc91-4d44-805d-55f7368cb42d',
        7,
        35000,
        '2023-01-05 12:47:02.487321',
        '2023-01-05 12:47:02.487321',
        NULL,
        '96628349-a9d0-4b78-8623-d2dda4ac9e34'
    ), (
        '49cda8cf-7c96-49d6-97e7-04d3ba63230b',
        3,
        17500,
        '2023-01-05 12:47:58.276749',
        '2023-01-05 12:47:58.276749',
        NULL,
        'eb6cc3c5-6a4e-46ea-937c-c3d63618e41c'
    ), (
        'b00d6363-84c4-44a4-bef9-3e294402b1a6',
        5,
        28500,
        '2023-01-05 12:49:08.273847',
        '2023-01-05 12:49:08.273847',
        NULL,
        'eb6cc3c5-6a4e-46ea-937c-c3d63618e41c'
    ), (
        'e2be9826-0810-4608-8d48-549e7b1eccd1',
        7,
        37500,
        '2023-01-05 12:49:23.216496',
        '2023-01-05 12:49:23.216496',
        NULL,
        'eb6cc3c5-6a4e-46ea-937c-c3d63618e41c'
    ), (
        'cba9d7ff-7c7e-4f8f-a2c6-d75d15895827',
        3,
        18000,
        '2023-01-05 12:49:51.374803',
        '2023-01-05 12:49:51.374803',
        NULL,
        '3a9d2f62-f321-41b2-8a26-e6339b205fe0'
    ), (
        'e776a99e-15fb-4b5c-b0f3-0ccfaeecb9fa',
        5,
        29000,
        '2023-01-05 12:50:06.957148',
        '2023-01-05 12:50:06.957148',
        NULL,
        '3a9d2f62-f321-41b2-8a26-e6339b205fe0'
    ), (
        '4e4d2e94-3150-4f50-9173-77f92fe3e38f',
        7,
        38000,
        '2023-01-05 12:50:31.967745',
        '2023-01-05 12:50:31.967745',
        NULL,
        '3a9d2f62-f321-41b2-8a26-e6339b205fe0'
    );